{
  "Directional": {
    "ambient": [ 0.25, 0.25, 0.25 ],
    "diffuse": [ 0.4000000059604645, 0.4000000059604645, 0.4000000059604645 ],
    "direction": [ -0.20000000298023224, -1.0, -0.30000001192092896 ],
    "specular": [ 0.5, 0.5, 0.5 ]
  },
  "Models": [
    {
      "Path": "Models/alienfbx/alien.obj\u0000\u0000\u0000\u0000\u0000\u0000\u0000\u0000\u0000\u0000\u0000\u0000\u0000\u0000\u0000\u0000\u0000\u0000\u0000\u0000\u0000\u0000\u0000\u0000\u0000\u0000\u0000\u0000\u0000\u0000\u0000\u0000\u0000\u0000\u0000\u0000\u0000\u0000\u0000\u0000\u0000\u0000\u0000\u0000\u0000\u0000\u0000\u0000\u0000\u0000\u0000\u0000\u0000\u0000\u0000\u0000\u0000\u0000\u0000\u0000\u0000\u0000\u0000\u0000\u0000\u0000\u0000\u0000\u0000\u0000\u0000\u0000\u0000\u0000\u0000\u0000\u0000\u0000\u0000\u0000\u0000\u0000\u0000\u0000\u0000\u0000\u0000\u0000\u0000\u0000\u0000\u0000\u0000\u0000\u0000\u0000\u0000\u0000\u0000\u0000\u0000\u0000\u0000",
      "pos": [ 0.0, 0.0, 0.0 ],
      "scale": [ 1.0, 1.0, 1.0 ]
    }
  ],
  "Points": [
    {
      "ambient": [ 0.05000000074505806, 0.05000000074505806, 0.05000000074505806 ],
      "constant": 1.0,
      "diffuse": [ 5.0, 5.0, 5.0 ],
      "linear": 0.0,
      "pos": [ 2.0, 5.0, 0.0 ],
      "quadratic": 0.0,
      "specular": [ 1.0, 1.0, 1.0 ]
    },
    {
      "ambient": [ 0.05000000074505806, 0.05000000074505806, 0.05000000074505806 ],
      "constant": 1.0,
      "diffuse": [ 5.0, 5.0, 5.0 ],
      "linear": 0.0,
      "pos": [ 0.0, 5.0, 0.0 ],
      "quadratic": 0.0,
      "specular": [ 1.0, 1.0, 1.0 ]
    },
    {
      "ambient": [ 0.05000000074505806, 0.05000000074505806, 0.05000000074505806 ],
      "constant": 1.0,
      "diffuse": [ 5.0, 5.0, 5.0 ],
      "linear": 0.0,
      "pos": [ 0.0, 5.0, 2.0 ],
      "quadratic": 0.0,
      "specular": [ 1.0, 1.0, 1.0 ]
    }
  ]
}